$q_x (\AA^{-1})$,qz = -0.0004128
0.006900000000000001,29.9642741144712
0.007000000000000001,29.109511732652606
0.007100000000000001,27.978551278456088
0.0072000000000000015,27.399419694991582
0.007300000000000002,27.026054993589536
0.007400000000000002,26.213161661753844
0.007500000000000002,25.451406473949575
0.007600000000000003,25.142219605235766
0.007700000000000003,24.367572123015357
0.007800000000000003,23.724931570480123
0.007900000000000004,23.324029078573904
0.008000000000000004,22.890195404113094
0.008100000000000003,22.249533904447073
0.008200000000000004,22.051430011791428
0.008300000000000005,21.61777517821786
0.008400000000000005,21.175222266970685
0.008500000000000004,20.972135488261138
0.008600000000000005,20.50134022063629
0.008700000000000006,19.97348429170709
0.008800000000000006,19.636107897830392
0.008900000000000005,19.443440753788572
0.009000000000000006,18.962482589357002
0.009100000000000007,18.89882856639818
0.009200000000000007,18.493939160960217
0.009300000000000006,18.27246252785929
0.009400000000000007,17.967120213554455
0.009500000000000008,17.52640641873404
0.009600000000000008,17.380993725752703
0.009700000000000007,17.168706577120584
0.009800000000000008,16.653448679604956
0.00990000000000001,16.7093550562572
0.010000000000000009,16.30982704011667
0.010100000000000008,16.157236166021015
0.01020000000000001,16.03375850204293
0.01030000000000001,15.586166280124075
0.01040000000000001,15.592520808853157
0.01050000000000001,15.293654291499758
0.01060000000000001,15.224555210692595
0.010700000000000012,15.078048955457467
0.010800000000000011,14.791594722575942
0.01090000000000001,14.773220095124909
0.011000000000000012,14.616564735894675
0.011100000000000013,14.547053561236442
0.011200000000000012,14.447943888912286
0.011300000000000011,14.360201075849668
0.011400000000000013,14.092886345572799
0.011500000000000014,13.93829465363753
0.011600000000000013,13.849178312118786
0.011700000000000012,13.828767711482405
0.011800000000000014,13.687096563291153
0.011900000000000015,13.508133529609008
0.012000000000000014,13.405832549538156
0.012100000000000014,13.170627235209304
0.012200000000000015,13.20515900524062
0.012300000000000016,13.315531762257768
0.012400000000000015,13.379124297812396
0.012500000000000015,13.000230926634327
0.012600000000000016,12.783570760398096
0.012700000000000017,12.918190600432121
0.012800000000000016,12.746587393994528
0.012900000000000016,12.936455347684998
0.013000000000000017,12.575689456015736
0.013100000000000018,12.820729354444586
0.013200000000000017,12.641171035569727
0.013300000000000017,12.612832292462338
0.013400000000000018,12.599568299927629
0.013500000000000019,12.400633545985963
0.013600000000000018,12.488907310053948
0.013700000000000018,12.530489888468587
0.013800000000000019,12.361734565582225
0.01390000000000002,12.468282999526725
0.01400000000000002,12.26759196160518
0.014100000000000019,12.539930089450579
0.01420000000000002,12.297549757112455
0.014300000000000021,12.282323334428797
0.01440000000000002,12.082175828670774
0.01450000000000002,12.150475550454836
0.014600000000000021,12.416575504860122
0.014700000000000022,12.190896078262654
0.014800000000000021,12.1226268423105
0.01490000000000002,12.265316675197834
0.015000000000000022,12.351049826770609
0.015100000000000023,12.181377590254819
0.015200000000000023,12.265908833812114
0.015300000000000022,12.495007259854285
0.015400000000000023,12.441304642985463
0.015500000000000024,12.312054767737289
0.015600000000000024,12.202173525054485
0.015700000000000023,12.448892635765054
0.015800000000000022,12.335548519634308
0.015900000000000025,12.500592332073026
0.016000000000000025,12.41809291942517
0.016100000000000024,12.698801325578435
0.016200000000000027,12.660701274502188
0.016300000000000026,12.484390548002072
0.016400000000000026,12.67229455297261
0.016500000000000025,12.869750836235625
0.016600000000000024,12.807894933535923
0.016700000000000027,12.988681349583675
0.016800000000000027,12.861479690254086
0.016900000000000026,13.035385465866932
0.01700000000000003,13.133591859928439
0.01710000000000003,13.345425522605122
0.017200000000000028,13.131807959363773
0.017300000000000027,13.519305222331235
0.017400000000000027,13.518700497034606
0.01750000000000003,13.748797702763415
0.01760000000000003,13.888086101739157
0.017700000000000028,13.8983261489272
0.01780000000000003,14.075535025336595
0.01790000000000003,14.168055737594111
0.01800000000000003,14.302151444586604
0.01810000000000003,14.413353195774548
0.01820000000000003,14.940780910939498
0.01830000000000003,14.834640928308527
0.01840000000000003,15.064691545354364
0.01850000000000003,15.46364026807558
0.018600000000000033,15.862852206743582
0.018700000000000033,15.93296228885392
0.018800000000000032,16.07861637961107
0.01890000000000003,16.472214220863275
0.01900000000000003,16.385862614732595
0.019100000000000034,17.293211197548516
0.019200000000000033,17.45149698160514
0.019300000000000032,17.63398147835344
0.019400000000000035,17.926807178575785
0.019500000000000035,18.40294682962674
0.019600000000000034,18.827134975331926
0.019700000000000033,19.54400495826091
0.019800000000000033,19.73242126588483
0.019900000000000036,20.32511020709302
0.020000000000000035,21.069147174416063
0.020100000000000035,21.3328055904131
0.020200000000000037,22.120508727972208
0.020300000000000037,22.697989276146494
0.020400000000000036,23.83964873475488
0.020500000000000036,25.0211212863828
0.020600000000000035,25.58594701732151
0.020700000000000038,26.713743041311865
0.020800000000000037,27.353648582529154
0.020900000000000037,29.05103722552037
0.02100000000000004,30.746730866992852
0.02110000000000004,32.771897777054924
0.021200000000000038,33.84938951416437
0.021300000000000038,35.465309525706274
0.021400000000000037,37.44748259716903
0.02150000000000004,40.46877036035231
0.02160000000000004,42.54715737355175
0.02170000000000004,45.35259336344889
0.02180000000000004,48.820994201027666
0.02190000000000004,52.15285203468918
0.02200000000000004,56.227306747624894
0.02210000000000004,60.89101493964853
0.02220000000000004,66.28778096375552
0.022300000000000042,72.85618208517198
0.02240000000000004,80.09277859968707
0.02250000000000004,86.83783016610629
0.022600000000000044,96.85245362715774
0.022700000000000043,107.45644000945819
0.022800000000000042,119.60038092171233
0.022900000000000042,132.49042409106343
0.02300000000000004,147.9960468768545
0.023100000000000044,164.68358168333017
0.023200000000000044,183.89364402266145
0.023300000000000043,205.54941420163323
0.023400000000000046,228.65820471710308
0.023500000000000045,255.18059143064335
0.023600000000000045,281.82939392757964
0.023700000000000044,308.1750777063594
0.023800000000000043,334.7039722906394
0.023900000000000046,360.75860091066454
0.024000000000000046,380.75710562206046
0.024100000000000045,394.181045533208
0.024200000000000048,412.62861200115265
0.024300000000000047,420.8595406172391
0.024400000000000047,420.4491535064734
0.024500000000000046,415.1570277630647
0.024600000000000045,405.76394328991944
0.02470000000000005,390.7271642061619
0.024800000000000048,368.63053986956965
0.024900000000000047,347.19312439264496
0.02500000000000005,321.02378971830586
0.02510000000000005,293.3577992501788
0.02520000000000005,268.41051010426446
0.025300000000000048,244.29614136983346
0.025400000000000048,216.94698077943403
0.02550000000000005,193.7796148652345
0.02560000000000005,173.05574769169232
0.02570000000000005,153.70980363861577
0.025800000000000052,138.68934406427883
0.02590000000000005,123.6028852393044
0.02600000000000005,110.3713591687751
0.02610000000000005,99.73713152453013
0.02620000000000005,90.09877945584148
0.026300000000000053,82.49620268585183
0.026400000000000052,74.59767949159638
0.02650000000000005,51.57086641083472
0.026600000000000054,47.95485848551751
0.026700000000000054,44.447665048529984
0.026800000000000053,41.33382068767172
0.026900000000000052,38.26614168552489
0.027000000000000052,35.5476238206993
0.027100000000000055,33.64637689229768
0.027200000000000054,30.887106406444822
0.027300000000000053,29.555426240865767
0.027400000000000056,27.872432698187772
0.027500000000000056,26.504849782840598
0.027600000000000055,25.527242511354324
0.027700000000000054,24.037123445592158
0.027800000000000054,22.8541947861378
0.027900000000000057,22.073132451330615
0.028000000000000056,21.0744608815084
0.028100000000000055,20.16199832206305
0.02820000000000006,19.5243625870947
0.028300000000000058,18.88076190328543
0.028400000000000057,18.032784635829607
0.028500000000000057,17.131098175878805
0.028600000000000056,16.49245429545885
0.02870000000000006,16.233553416346517
0.028800000000000058,15.620311786775574
0.028900000000000058,15.080486134604385
0.02900000000000006,14.702825309807675
0.02910000000000006,14.319048570853017
0.02920000000000006,13.916236638859228
0.02930000000000006,13.648908202439788
0.029400000000000058,13.222708525111608
0.02950000000000006,13.014223507790774
0.02960000000000006,12.741565225589156
0.02970000000000006,12.18357155274315
0.029800000000000063,11.903470919287344
0.029900000000000062,11.777918395019256
0.03000000000000006,11.397246964003227
0.03010000000000006,11.136772813629333
0.03020000000000006,10.995149938718226
0.030300000000000063,10.596289962657718
0.030400000000000062,10.401609523914566
0.030500000000000062,10.174166388776987
0.030600000000000065,10.095058083319588
0.030700000000000064,9.821859988079348
0.030800000000000063,9.818809186893207
0.030900000000000063,9.491064074252478
0.031000000000000062,9.261163446988997
0.031100000000000065,9.044651212129175
0.031200000000000064,8.867905103022252
0.031300000000000064,8.722632904856017
0.03140000000000007,8.466577222282844
0.03150000000000007,8.52573099101787
0.031600000000000066,8.246384350495964
0.03170000000000006,8.168155326089462
0.031800000000000064,7.996481122577036
0.03190000000000007,7.771171505871299
0.03200000000000007,7.773618436067989
0.032100000000000066,7.598276910203239
0.03220000000000007,7.486137208619164
0.032300000000000065,7.39873137548453
0.03240000000000007,7.300699898518147
0.03250000000000007,7.200922078029237
0.032600000000000066,6.978117410545602
0.03270000000000007,6.802031122824088
0.032800000000000065,6.8107179313333335
0.03290000000000007,6.742580169789406
0.03300000000000007,6.609083581155106
0.033100000000000074,6.527276781090078
0.03320000000000007,6.451779262625553
0.033300000000000066,6.236527366541579
0.03340000000000007,6.158591884851644
0.03350000000000007,6.050254699603185
0.033600000000000074,5.884859773466263
0.03370000000000007,5.788689040392161
0.03380000000000007,5.819698884196252
0.03390000000000007,5.723935947208562
0.03400000000000007,5.594794116174401
0.034100000000000075,5.543136774020839
0.03420000000000007,5.4919925937705925
0.034300000000000073,5.497349253000994
0.03440000000000007,5.393897351169389
0.03450000000000007,5.251897293757791
0.034600000000000075,5.18617538900585
0.03470000000000008,5.077337098985586
0.034800000000000074,4.9900870280850125
0.03490000000000007,4.954894332315755
0.03500000000000007,4.891074719724498
0.035100000000000076,4.747991198301105
0.03520000000000008,4.7143047443397545
0.035300000000000074,4.644434009054194
0.03540000000000008,4.595745906706242
0.03550000000000007,4.5306017445614994
0.035600000000000076,4.524217626765164
0.03570000000000008,4.437128237886958
0.035800000000000075,4.392822674293939
0.03590000000000008,4.387849400570023
0.036000000000000074,4.401585318256691
0.036100000000000076,4.208088746948943
0.03620000000000008,4.253868257793589
0.03630000000000008,4.130549135053067
0.03640000000000008,4.162484855730334
0.036500000000000074,4.106963661239095
0.03660000000000008,3.9999405315455023
0.03670000000000008,3.930021525963114
0.03680000000000008,3.8767144755088836
0.03690000000000008,3.8144834677245583
0.03700000000000008,3.8333566505725942
0.03710000000000008,3.7720764131139446
0.03720000000000008,3.7396264654502978
0.03730000000000008,3.7253042065010407
0.03740000000000008,3.6477898286227175
0.03750000000000008,3.6467066724437003
0.03760000000000008,3.5429830575111487
0.03770000000000008,3.521257917651874
0.037800000000000084,3.6031355937708525
0.037900000000000086,3.503298626937454
0.03800000000000008,3.457327808456462
0.038100000000000085,3.368812684373741
0.03820000000000008,3.270145769595744
0.038300000000000084,3.3548211218198043
0.03840000000000009,3.3212820134436583
0.03850000000000008,3.373919222044447
0.038600000000000086,3.232742437537931
0.03870000000000008,3.231858340628437
0.038800000000000084,3.2582836831935102
0.03890000000000009,3.1868827348440907
0.03900000000000008,3.133540744640119
0.039100000000000086,3.132661974860079
0.03920000000000008,3.123061124006408
0.039300000000000085,3.0824872897131526
0.03940000000000009,3.094634703033571
0.039500000000000084,3.0761129993150917
0.039600000000000087,3.0040273645513937
0.03970000000000009,2.9980466171009135
0.039800000000000085,2.9771399889232013
0.03990000000000009,2.992975689085467
0.04000000000000009,2.9859006516191187
0.04010000000000009,3.0208856721295465
0.04020000000000009,2.9242668492746575
0.040300000000000086,2.90981610054226
0.04040000000000009,2.916249260338043
0.04050000000000009,2.90346382197184
0.04060000000000009,2.905222286045911
0.04070000000000009,2.888452036941628
0.040800000000000086,2.8768682221538167
0.04090000000000009,2.8011885735347097
0.04100000000000009,2.7834989381736404
0.04110000000000009,2.7809238154689027
0.04120000000000009,2.8238486320726692
0.041300000000000094,2.8221391626300045
0.04140000000000009,2.8251144089764595
0.04150000000000009,2.7745076442240184
0.041600000000000095,2.766208909671963
0.04170000000000009,2.703915245652729
0.041800000000000094,2.7952158351395666
0.04190000000000009,2.7733565745170927
0.04200000000000009,2.6948362176069276
0.042100000000000096,2.6442180625416434
0.04220000000000009,2.6976224942571356
0.042300000000000094,2.6697360971583053
0.04240000000000009,2.6300170580995905
0.04250000000000009,2.6332936206892885
0.042600000000000096,2.671965734732504
0.04270000000000009,2.647579471688341
0.042800000000000095,2.6382829275195707
0.0429000000000001,2.6003602254333544
0.043000000000000094,2.5907784202792024
0.0431000000000001,2.66597802853948
0.0432000000000001,2.607305801772316
0.043300000000000095,2.5929324225814128
0.0434000000000001,2.615230663778882
0.043500000000000094,2.543797697757481
0.0436000000000001,2.5611653870089826
0.0437000000000001,2.542051381308822
0.043800000000000096,2.5823586540440435
0.0439000000000001,2.532435281136098
0.044000000000000095,2.608752309996721
0.0441000000000001,2.584317417251914
0.0442000000000001,2.537392235962195
0.044300000000000096,2.5423739413489903
0.0444000000000001,2.570267535524595
0.0445000000000001,2.5269275967606752
0.0446000000000001,2.5370753003163964
0.0447000000000001,2.5344630176085734
0.044800000000000104,2.520565703378773
0.0449000000000001,2.464679550944415
0.0450000000000001,2.5037525820461597
0.0451000000000001,2.519939214224202
0.0452000000000001,2.5189708775905464
0.045300000000000104,2.5275836363289192
0.0454000000000001,2.4821073826798488
0.0455000000000001,2.5043291381606827
0.0456000000000001,2.4877532715752237
0.0457000000000001,2.512864024470952
0.045800000000000105,2.4859120801338634
0.0459000000000001,2.423842393947102
0.0460000000000001,2.461689398001332
0.046100000000000106,2.4706035808951143
0.0462000000000001,2.4950504676805467
0.046300000000000105,2.4725558228557034
0.04640000000000011,2.4436037013228717
0.046500000000000104,2.4491254597817136
0.04660000000000011,2.453658938561186
0.0467000000000001,2.4293874619584126
0.046800000000000105,2.392468763760367
0.04690000000000011,2.41594480146015
0.047000000000000104,2.406097087242174
0.04710000000000011,2.436993204100657
0.0472000000000001,2.44004513068148
0.047300000000000106,2.465966860256323
0.04740000000000011,2.4861932222721093
0.047500000000000105,2.483778747806324
0.04760000000000011,2.425853736372079
0.04770000000000011,2.464363186659763
0.047800000000000106,2.458389600534181
0.04790000000000011,2.454943813750261
0.04800000000000011,2.394624221540587
0.04810000000000011,2.5112527811590524
0.04820000000000011,2.4956045074406994
0.04830000000000011,2.5128591306917345
0.04840000000000011,2.3889107562641145
0.04850000000000011,2.450952457037647
0.04860000000000011,2.508658322048845
0.04870000000000011,2.516880484628977
0.04880000000000011,2.4513554846261707
0.04890000000000011,2.4779703964250595
0.04900000000000011,2.504612382282257
0.04910000000000011,2.5148607993214447
0.04920000000000011,2.495379313854812
0.049300000000000115,2.509028485754733
0.04940000000000011,2.4949964511698117
0.04950000000000011,2.473744673472378
0.049600000000000116,2.5448651183569413
0.04970000000000011,2.5076679014945253
0.049800000000000115,2.4742123403112433
0.04990000000000011,2.5251818168022795
0.050000000000000114,2.5246849279627717
0.05010000000000012,2.549912619973932
0.05020000000000011,2.550440208406184
0.050300000000000115,2.539876501925376
0.05040000000000011,2.5150825528604646
0.050500000000000114,2.5040968480242767
0.05060000000000012,2.536899918251468
0.05070000000000011,2.5158616593089507
0.050800000000000116,2.3245373874933217
0.05090000000000012,2.30042491778367
0.051000000000000115,2.293803153916767
0.05110000000000012,2.3854247843247114
0.05120000000000012,2.2672811361612597
0.051300000000000116,2.2339080849198507
0.05140000000000012,2.2569517652106574
0.051500000000000115,2.168425187068285
0.05160000000000012,2.1678114357036034
0.05170000000000012,2.1963486984924443
0.05180000000000012,2.1400087353094746
0.05190000000000012,2.1068735752912273
0.052000000000000116,2.065391024101881
0.05210000000000012,2.0881815443274756
0.05220000000000012,2.056928163557173
0.05230000000000012,2.0387565200570603
0.05240000000000012,1.9984481803956453
0.05250000000000012,2.0092557901782895
0.05260000000000012,1.9634980508521231
0.05270000000000012,1.9873335055155052
0.052800000000000125,1.9769538164718181
0.05290000000000012,1.94644013129301
0.05300000000000012,1.9071991424847217
0.05310000000000012,1.9228123387854243
0.05320000000000012,1.8802153070642014
0.053300000000000125,1.853835022060211
0.05340000000000012,1.8076673056207366
0.053500000000000124,1.8349903052185628
0.05360000000000012,1.8197271291331139
0.05370000000000012,1.8120858666552428
0.053800000000000125,1.808409403116093
0.05390000000000012,1.7637918513953714
0.054000000000000124,1.8109036684946211
0.05410000000000013,1.7781085834737271
0.05420000000000012,1.76929261089483
0.054300000000000126,1.7684313098571423
0.05440000000000013,1.7606235262483119
0.054500000000000125,1.7232624292423602
0.05460000000000013,1.7034406206056794
0.054700000000000124,1.7230767191087957
0.054800000000000126,1.7045978615859323
0.05490000000000013,1.703402029986736
0.055000000000000125,1.6987767348841463
0.05510000000000013,1.6605959213156332
0.055200000000000124,1.669560850717513
0.05530000000000013,1.6479399028132236
0.05540000000000013,1.6541278646321824
0.055500000000000126,1.6463017730908729
0.05560000000000013,1.6303824554089517
0.05570000000000013,1.63390139781864
0.05580000000000013,1.6217789803869096
0.05590000000000013,1.5781773742048155
0.05600000000000013,1.5876095885892618
0.05610000000000013,1.6083365896708095
0.05620000000000013,1.5700923008816485
0.05630000000000013,1.5696733211190306
0.05640000000000013,1.5516975344692272
0.05650000000000013,1.5867018368650176
0.05660000000000013,1.546974709923326
0.05670000000000013,1.5330657665551461
0.05680000000000013,1.4995211878699712
0.05690000000000013,1.5160211446841245
0.057000000000000134,1.528359124139632
0.05710000000000013,1.5118087763581414
0.05720000000000013,1.4770020755436888
0.057300000000000136,1.4888921118784781
0.05740000000000013,1.4769083251088084
0.057500000000000134,1.469038626133872
0.05760000000000014,1.4872975797289896
0.05770000000000013,1.4481597786665987
0.057800000000000136,1.4599439295215642
0.05790000000000013,1.4704226775182927
0.058000000000000135,1.4402395659974618
0.05810000000000014,1.438085777428119
0.058200000000000134,1.4022080610294854
0.058300000000000136,1.4128392282065976
0.05840000000000013,1.401047624053291
0.058500000000000135,1.3772485971248796
0.05860000000000014,1.386448905068912
0.058700000000000134,1.3743821009357788
0.05880000000000014,1.358794080399803
0.05890000000000014,1.3603621835479243
0.059000000000000136,1.3596227288385623
0.05910000000000014,1.3766322240323674
0.05920000000000014,1.3808689712034314
0.05930000000000014,1.386540728108503
0.05940000000000014,1.3754443957152171
0.059500000000000136,1.3186557290664407
0.05960000000000014,1.3266048236662733
0.05970000000000014,1.352209048559221
0.05980000000000014,1.3084156364450545
0.05990000000000014,1.3101285306405261
0.06000000000000014,1.2962483827578557
0.06010000000000014,1.2884927621608444
0.06020000000000014,1.2719331840851136
0.06030000000000014,1.3333602749978148
0.06040000000000014,1.270199125564663
0.060500000000000144,1.25139068071802
0.06060000000000014,1.245072567631698
0.06070000000000014,1.2880007188946554
0.060800000000000146,1.2740958193429057
0.06090000000000014,1.2486948971582912
0.061000000000000144,1.2451921222760551
0.06110000000000014,1.2318672725514868
0.06120000000000014,1.2163267523477461
0.061300000000000146,1.249704526001355
0.06140000000000014,1.2333664370352806
0.061500000000000145,1.1952340205425043
0.06160000000000014,1.18981941317027
0.061700000000000144,1.1780459131678873
0.061800000000000146,1.1726984054846272
0.06190000000000014,1.176177426894652
0.062000000000000145,1.1492872414932542
0.06210000000000015,1.1332969607896186
0.062200000000000144,1.165069987416356
0.06230000000000015,1.1638763934535246
0.06240000000000015,1.120096711974233
0.06250000000000014,1.129033164758885
0.06260000000000016,1.149699059307961
0.06270000000000014,1.1465545282727037
0.06280000000000015,1.1414697555569873
0.06290000000000015,1.1470977429152396
0.06300000000000014,1.1376227329467015
0.06310000000000016,1.1154936739394619
0.06320000000000014,1.1259945920537715
0.06330000000000015,1.1251153044007596
0.06340000000000015,1.1136371141116626
0.06350000000000014,1.129225757102045
0.06360000000000016,1.1161686522188694
0.06370000000000015,1.1075372739954445
0.06380000000000015,1.1322692489757353
0.06390000000000015,1.108149456256864
0.06400000000000015,1.1103103189537813
0.06410000000000016,1.128279275389635
0.06420000000000015,1.0927289481158895
0.06430000000000015,1.131144400587375
0.06440000000000015,1.1110628672486396
0.06450000000000015,1.1072895362670645
0.06460000000000016,1.1123920864460457
0.06470000000000015,1.1267857747920502
0.06480000000000015,1.1064479498204056
0.06490000000000015,1.107437738629949
0.06500000000000015,1.1094442776626063
0.06510000000000016,1.1191522131414413
0.06520000000000015,1.1214396285419994
0.06530000000000016,1.1381916455415593
0.06540000000000015,1.091118484833519
0.06550000000000016,1.1130143058626398
0.06560000000000016,1.116050465829285
0.06570000000000015,1.1256769090106176
0.06580000000000016,1.1324890441724043
0.06590000000000015,1.1289897847280468
0.06600000000000016,1.1476913620021276
0.06610000000000016,1.1488594884621361
0.06620000000000015,1.1186160881999192
0.06630000000000016,1.1196894651263498
0.06640000000000015,1.1275847461647568
0.06650000000000016,1.1489717398778687
0.06660000000000016,1.1345831884705988
0.06670000000000015,1.1369619988193096
0.06680000000000016,1.1241807583061747
0.06690000000000015,1.1175337267192595
0.06700000000000016,1.1445684401226626
0.06710000000000016,1.1399951594040472
0.06720000000000016,1.1351821257104109
0.06730000000000017,1.1402985209901084
0.06740000000000015,1.151466324606199
0.06750000000000016,1.1351190946932928
0.06760000000000016,1.1307323222018206
0.06770000000000016,1.125021612771785
0.06780000000000017,1.1387986988749426
0.06790000000000015,1.139666124178677
0.06800000000000016,1.1477867058485343
0.06810000000000016,1.1651956822647649
0.06820000000000016,1.1523760556853277
0.06830000000000017,1.1450143290960733
0.06840000000000016,1.1296538714876945
0.06850000000000017,1.1548458809033608
0.06860000000000016,1.1552887040105795
0.06870000000000016,1.134867553657579
0.06880000000000017,1.115022926976836
0.06890000000000016,1.157501437925107
0.06900000000000017,1.161035093247801
0.06910000000000016,1.134429802578544
0.06920000000000016,1.1537223128073335
0.06930000000000017,1.1685507873431127
0.06940000000000017,1.165761097432458
0.06950000000000016,1.1338237652448955
0.06960000000000016,1.120513600912497
0.06970000000000016,1.1344538239410904
0.06980000000000017,1.1051003312647294
0.06990000000000017,1.1229751937886772
0.07000000000000017,1.1139882599785402
0.07010000000000016,1.1258983698510951
0.07020000000000017,1.127865627224956
0.07030000000000017,1.1128310811738975
0.07040000000000017,1.1218392818447183
0.07050000000000017,1.130070362071564
0.07060000000000016,1.1568220577333055
0.07070000000000017,1.1559702062765964
0.07080000000000017,1.1253029146237292
0.07090000000000017,1.139257405427252
0.07100000000000017,1.1448333333751939
0.07110000000000016,1.14704784363437
0.07120000000000017,1.130339502396285
0.07130000000000017,1.13420585941658
0.07140000000000017,1.1335717732764494
0.07150000000000017,1.1377368428259325
0.07160000000000016,1.1330596351001359
0.07170000000000017,1.11757051235926
0.07180000000000017,1.1149381817185426
0.07190000000000017,1.1289787678592893
0.07200000000000017,1.1296398856524619
0.07210000000000018,1.1228688543824394
0.07220000000000017,1.1356064353075592
0.07230000000000017,1.1395550660444045
0.07240000000000017,1.1326799104780692
0.07250000000000018,1.143419089597885
0.07260000000000018,1.176879382312912
0.07270000000000017,1.1441899551284505
0.07280000000000017,1.1569357542693188
0.07290000000000017,1.1547730626644104
0.07300000000000018,1.1744272565418923
0.07310000000000018,1.1340072043546152
0.07320000000000018,1.145048837542841
0.07330000000000017,1.1752862311813759
0.07340000000000017,1.147061251126662
0.07350000000000018,1.1540844410231934
0.07360000000000018,1.166940515675936
0.07370000000000018,1.1517281466412046
0.07380000000000017,1.1682500334240247
0.07390000000000017,1.181506509380497
0.07400000000000018,1.1883159774943644
0.07410000000000018,1.2001462262639233
0.07420000000000018,1.1891401585304953
0.07430000000000017,1.1962490354172708
0.07440000000000017,1.18521253625247
0.07450000000000018,1.1764859997549901
0.07460000000000018,1.2033934315319843
0.07470000000000018,1.2154368473759125
0.07480000000000017,1.1726994476392487
0.07490000000000017,1.1977501242675117
0.07500000000000018,1.240511458637279
0.07510000000000018,1.2362253585141503
0.07520000000000018,1.233455979318515
0.07530000000000019,1.2242693577218897
0.07540000000000018,1.2371781000732838
0.07550000000000018,1.2110416571409066
0.07560000000000018,1.2280362555034359
0.07570000000000018,1.2174411708037818
0.07580000000000019,1.2224684363815643
0.07590000000000018,1.2391456773336853
0.07600000000000018,1.1994178681306493
0.07610000000000018,1.2076687516272522
0.07620000000000018,1.165385537785502
0.07630000000000019,1.1815295853509227
0.07640000000000019,1.1919037028755266
0.07650000000000018,1.2080202821220958
0.07660000000000018,1.1928166781161387
0.07670000000000018,1.1646419919507078
0.07680000000000019,1.1243199822821415
0.07690000000000019,1.1484071300199297
0.07700000000000018,1.119563454906638
0.07710000000000018,1.1296830314974737
0.07720000000000019,1.1343131411429235
0.07730000000000019,1.137397583400896
0.07740000000000019,1.1101728651609994
0.07750000000000018,1.1238223420638083
0.07760000000000018,1.0817257650409655
0.07770000000000019,1.0885118420947164
0.07780000000000019,1.0601316173050825
0.07790000000000019,1.0706190749522686
0.07800000000000018,1.0339935504399347
0.07810000000000018,1.0311193983897193
0.07820000000000019,1.0177164622018657
0.07830000000000019,0.9981063262811777
0.07840000000000019,1.0115342388899322
0.0785000000000002,0.9888953213670053
0.07860000000000018,0.9833290002706692
0.07870000000000019,0.9517727682450083
0.07880000000000019,0.9528172493551785
0.07890000000000019,0.9762148402339825
0.0790000000000002,0.9466287467979339
0.07910000000000018,0.9677582877535744
0.07920000000000019,0.9284259891655378
0.07930000000000019,0.9277127461879013
0.07940000000000019,0.9191204224380337
0.0795000000000002,0.9069863236660017
0.0796000000000002,0.9208997936551973
0.07970000000000019,0.8939673602500587
0.07980000000000019,0.8860420682414689
0.0799000000000002,0.8879834025596495
0.0800000000000002,0.8898403077483668
0.0801000000000002,0.8657932492679526
0.08020000000000019,0.8792371396380771
0.08030000000000019,0.8661828908969575
0.0804000000000002,0.8704010272156394
0.0805000000000002,0.8575120796363042
0.0806000000000002,0.859844919167935
0.08070000000000019,0.8611575816505418
0.08080000000000019,0.8484660544279455
0.0809000000000002,0.8537953713251903
0.0810000000000002,0.8511385240046702
0.0811000000000002,0.8256570368425727
0.08120000000000019,0.8318541186764119
0.08130000000000019,0.8388612363413067
0.0814000000000002,0.808936411478722
0.0815000000000002,0.8123377912228331
0.0816000000000002,0.802524964306183
0.0817000000000002,0.8128386997263979
0.08180000000000019,0.8124456733876106
0.0819000000000002,0.7966065379409029
0.0820000000000002,0.8047282944192254
0.0821000000000002,0.792580339583453
0.0822000000000002,0.792966458005025
0.08230000000000019,0.8007071485899828
0.0824000000000002,0.7921827220720167
0.0825000000000002,0.7877215978308911
0.0826000000000002,0.7789253530963567
0.0827000000000002,0.7948136796359219
0.0828000000000002,0.7780095408620705
0.0829000000000002,0.7834916622316028
0.0830000000000002,0.7819538841676794
0.0831000000000002,0.7733669867418136
0.0832000000000002,0.7840766796599216
0.08330000000000021,0.7575358123945538
0.0834000000000002,0.7420647472334829
0.0835000000000002,0.7604313622918633
0.0836000000000002,0.7644234133513971
0.0837000000000002,0.7559923306941574
0.08380000000000021,0.7348388114895051
0.0839000000000002,0.7276463249504086
0.0840000000000002,0.7222668039944462
0.0841000000000002,0.7316087133121835
0.0842000000000002,0.730814772641646
0.08430000000000021,0.7200684830749712
0.0844000000000002,0.7435201314485609
0.0845000000000002,0.737049376201345
0.0846000000000002,0.7224329202298007
0.0847000000000002,0.7246117022046235
0.08480000000000021,0.7073457092710452
0.08490000000000021,0.7186370291050486
0.0850000000000002,0.7173174449158912
0.0851000000000002,0.7135676871450677
0.0852000000000002,0.7254072179274044
0.08530000000000021,0.7106916836528473
0.08540000000000021,0.7067305593757162
0.0855000000000002,0.7050395697056819
0.0856000000000002,0.6948926991296762
0.0857000000000002,0.7086953392735038
0.08580000000000021,0.7043267765827367
0.08590000000000021,0.6986031621548487
0.08600000000000022,0.6937211589256215
0.0861000000000002,0.692102878955976
0.08620000000000021,0.6850160955353578
0.08630000000000021,0.6716838316515059
0.08640000000000021,0.6746755972557384
0.08650000000000022,0.6877329984699647
0.0866000000000002,0.688016651525743
0.08670000000000021,0.6607330220069111
0.08680000000000021,0.6700034405315947
0.08690000000000021,0.6569442296865073
0.08700000000000022,0.6621620623792727
0.0871000000000002,0.6658890993238582
0.08720000000000021,0.6747754270960706
0.08730000000000021,0.6723151533748996
0.08740000000000021,0.6767238645982522
0.08750000000000022,0.6744318751868428
0.0876000000000002,0.6816377343735602
0.08770000000000021,0.6445771014774173
0.08780000000000021,0.637418652498798
0.08790000000000021,0.6604580145158268
0.08800000000000022,0.6663299033230607
0.08810000000000022,0.6567819380146684
0.08820000000000021,0.6448225004761958
0.08830000000000021,0.660355166767139
0.08840000000000021,0.658942896647565
0.08850000000000022,0.6438008370816617
0.08860000000000022,0.6417369177438517
0.08870000000000021,0.6404346242965665
0.08880000000000021,0.6355735141546665
0.08890000000000021,0.6468860962656447
0.08900000000000022,0.6419102611059035
0.08910000000000022,0.6206592540064182
0.08920000000000022,0.6374322010063576
0.08930000000000021,0.6308075108538773
0.08940000000000022,0.6339082636512602
0.08950000000000022,0.641919907716025
0.08960000000000022,0.619254691770043
0.08970000000000022,0.6387132465094265
0.08980000000000021,0.6227441456439182
0.08990000000000022,0.6148712099660308
0.09000000000000022,0.6374113102874578
0.09010000000000022,0.6127760072850018
0.09020000000000022,0.6100160861108392
0.09030000000000021,0.6160109642484372
0.09040000000000022,0.6168988400524151
0.09050000000000022,0.6280952787349857
0.09060000000000022,0.6256460869759477
0.09070000000000022,0.623846328176392
0.09080000000000021,0.6064616486007359
0.09090000000000022,0.6168701975866875
0.09100000000000022,0.6103843553343994
0.09110000000000022,0.6202204177615412
0.09120000000000023,0.6112997539754043
0.09130000000000023,0.6111906795262073
0.09140000000000022,0.616131004026789
0.09150000000000022,0.6053012944448046
0.09160000000000022,0.6097051996791877
0.09170000000000023,0.6151391792691621
0.09180000000000023,0.6198306664209533
0.09190000000000022,0.6064425543216351
0.09200000000000022,0.6266909763410434
0.09210000000000022,0.6026993581915276
0.09220000000000023,0.6027771679548569
0.09230000000000023,0.6160279206131272
0.09240000000000023,0.6067337816358116
0.09250000000000022,0.6041372038629339
0.09260000000000022,0.6221949660398927
0.09270000000000023,0.6119091360987994
0.09280000000000023,0.6012740719661188
0.09290000000000023,0.5977650299623642
0.09300000000000022,0.5961264238614069
0.09310000000000022,0.6067354238510736
0.09320000000000023,0.6052486872922972
0.09330000000000023,0.59546705044333
0.09340000000000023,0.5841264075637937
0.09350000000000022,0.5982453903192184
0.09360000000000022,0.6057558023530881
0.09370000000000023,0.5886272141729585
0.09380000000000023,0.60979998943817
0.09390000000000023,0.6066870118139208
0.09400000000000022,0.6051340390718325
0.09410000000000023,0.6206495556274741
0.09420000000000023,0.5954938531695797
0.09430000000000023,0.5973473332327675
0.09440000000000023,0.6046674189073231
0.09450000000000024,0.6127911148636229
0.09460000000000023,0.6134102029988746
0.09470000000000023,0.6170693585932058
0.09480000000000023,0.6063088495112658
0.09490000000000023,0.5971094824455446
0.09500000000000024,0.6147995521718207
0.09510000000000023,0.6225698302966051
0.09520000000000023,0.6184270222043547
0.09530000000000023,0.6268313645721232
0.09540000000000023,0.6152540565615777
0.09550000000000024,0.6144694532961871
0.09560000000000024,0.613488810613808
0.09570000000000023,0.6049690890135879
0.09580000000000023,0.6175633832878452
0.09590000000000024,0.6215329010872204
0.09600000000000024,0.6285127087317208
0.09610000000000024,0.6223843113876861
0.09620000000000023,0.6227939316215891
0.09630000000000023,0.6373679902184259
0.09640000000000024,0.6223461323709226
0.09650000000000024,0.6271227869019842
0.09660000000000024,0.6227558126576718
0.09670000000000023,0.6203902278858805
0.09680000000000023,0.6340089554659871
0.09690000000000024,0.6347066593229886
0.09700000000000024,0.6418198128771004
0.09710000000000024,0.6344689052745013
0.09720000000000023,0.6338260675526693
0.09730000000000023,0.6396171061552365
0.09740000000000024,0.6328205850039313
0.09750000000000024,0.6415622931577477
0.09760000000000024,0.6326142136172228
0.09770000000000024,0.6399233836738414
0.09780000000000023,0.6379478444032218
0.09790000000000024,0.6371039527736773
0.09800000000000024,0.6239573196976217
0.09810000000000024,0.6258268060943489
0.09820000000000025,0.6589694790942979
0.09830000000000023,0.6435931427066459
0.09840000000000024,0.6392837969218087
0.09850000000000024,0.6433515572207696
0.09860000000000024,0.6436145420627387
0.09870000000000025,0.6409426228449059
0.09880000000000025,0.6199163703699277
0.09890000000000024,0.648935435839131
0.09900000000000024,0.6464812920038682
0.09910000000000024,0.630782016742229
0.09920000000000025,0.636774120485126
0.09930000000000025,0.6510754205128265
0.09940000000000024,0.6581224640955223
0.09950000000000024,0.6419002173586545
0.09960000000000024,0.6493240802502694
0.09970000000000025,0.6364277374890746
0.09980000000000025,0.6384107039551663
0.09990000000000024,0.6429715786984536
0.10000000000000024,0.6494802379953242
0.10010000000000024,0.6416754381280239
0.10020000000000025,0.6412765727249798
0.10030000000000025,0.6617530895987952
0.10040000000000024,0.6421434837506987
0.10050000000000024,0.6354447021279419
0.10060000000000024,0.6319530036003874
0.10070000000000025,0.6375994981656863
0.10080000000000025,0.6505262802476909
0.10090000000000025,0.6566836030829679
0.10100000000000024,0.6408461203898812
0.10110000000000025,0.6457669033732578
0.10120000000000025,0.6430671986144683
0.10130000000000025,0.6450576363168233
0.10140000000000025,0.6606441328744287
0.10150000000000024,0.6377202245717417
0.10160000000000025,0.6560569907354268
0.10170000000000025,0.66019323085835
0.10180000000000025,0.6590343104408101
0.10190000000000025,0.6414479574132598
0.10200000000000026,0.647908623846721
0.10210000000000025,0.664281567316086
0.10220000000000025,0.6671203709206749
0.10230000000000025,0.6456658213029969
0.10240000000000025,0.6452845118414504
0.10250000000000026,0.6498915107507225
0.10260000000000025,0.6506597327394242
0.10270000000000025,0.6531336495538455
0.10280000000000025,0.6436668960177985
0.10290000000000026,0.6468330674132559
0.10300000000000026,0.6375082502163221
0.10310000000000025,0.6485403274774335
0.10320000000000025,0.6559584913829684
0.10330000000000025,0.6532341506596755
0.10340000000000026,0.6611397077949838
0.10350000000000026,0.6579553397390463
0.10360000000000025,0.6716532339526718
0.10370000000000025,0.6461173876053036
0.10380000000000025,0.652195938792518
0.10390000000000026,0.6547269537895277
0.10400000000000026,0.6678813302660709
0.10410000000000026,0.6694720750041246
0.10420000000000025,0.6616763881387612
0.10430000000000025,0.6541777553538591
0.10440000000000026,0.6708994788257838
0.10450000000000026,0.6615418786200973
0.10460000000000026,0.6565719728758109
0.10470000000000025,0.661735930011578
0.10480000000000025,0.6475676891181809
0.10490000000000026,0.643251172992286
0.10500000000000026,0.6596820747352232
0.10510000000000026,0.6575371571774178
0.10520000000000027,0.6662307138633226
0.10530000000000025,0.6573232484870651
0.10540000000000026,0.6686988317987875
0.10550000000000026,0.6636692752197442
0.10560000000000026,0.6693341158846485
0.10570000000000027,0.6593488822296037
0.10580000000000025,0.657377187428709
0.10590000000000026,0.6601775976170592
0.10600000000000026,0.6552207555823121
0.10610000000000026,0.6617711261020338
0.10620000000000027,0.662953920860215
0.10630000000000026,0.6636008063717863
0.10640000000000026,0.6635548922442812
0.10650000000000026,0.6572186088558777
0.10660000000000026,0.6657646339163277
0.10670000000000027,0.6648964395371846
0.10680000000000026,0.6647443816650516
0.10690000000000026,0.6714143356181039
0.10700000000000026,0.6670493548696821
0.10710000000000026,0.6748262375143458
0.10720000000000027,0.6726600425011686
0.10730000000000027,0.6563420481425043
0.10740000000000026,0.6785494918511352
0.10750000000000026,0.6752351063165339
0.10760000000000026,0.6576159967954898
0.10770000000000027,0.6739429072892692
0.10780000000000027,0.67284840599223
0.10790000000000026,0.6714693761153686
0.10800000000000026,0.6797810675457723
0.10810000000000027,0.6544646158038613
0.10820000000000027,0.6712066108344245
0.10830000000000027,0.6762578908762267
0.10840000000000027,0.6782508434645996
0.10850000000000026,0.682627629643519
0.10860000000000027,0.6744815087873387
0.10870000000000027,0.6607889960739919
0.10880000000000027,0.6786389985369347
0.10890000000000027,0.6792629843003881
0.10900000000000026,0.6666969582643493
0.10910000000000027,0.6736725347450996
0.10920000000000027,0.6906499319618088
0.10930000000000027,0.6932293623526472
0.10940000000000027,0.6765618498658551
0.10950000000000026,0.688357788235337
0.10960000000000027,0.6844000994957838
0.10970000000000027,0.6802292343160252
0.10980000000000027,0.6776526605189772
0.10990000000000028,0.6870178578852884
0.11000000000000026,0.6780079567371349
0.11010000000000027,0.6864129769737392
0.11020000000000027,0.6859423802185544
0.11030000000000027,0.689466904682037
0.11040000000000028,0.6896606764872429
0.11050000000000028,0.68215813677964
0.11060000000000027,0.685062366563288
0.11070000000000027,0.6729775447951608
0.11080000000000027,0.6849037018517613
0.11090000000000028,0.690670677171387
0.11100000000000028,0.6759432038101163
0.11110000000000027,0.6995784871210047
0.11120000000000027,0.6787585778104669
0.11130000000000027,0.6901380071735687
0.11140000000000028,0.6995869828221792
0.11150000000000028,0.6951075547059418
0.11160000000000028,0.6996478656595334
0.11170000000000027,0.691493683635021
0.11180000000000027,0.6867388559172312
0.11190000000000028,0.6904622376157984
0.11200000000000028,0.6868425515205557
0.11210000000000028,0.6845993740850729
0.11220000000000027,0.6723419629447329
0.11230000000000027,0.6806865889844399
0.11240000000000028,0.6816728707424196
0.11250000000000028,0.697359511141235
0.11260000000000028,0.6887330439073958
0.11270000000000027,0.695105727883311
0.11280000000000028,0.6985318320924522
0.11290000000000028,0.6943759498795232
0.11300000000000028,0.6855947469810445
0.11310000000000028,0.6847604147029888
0.11320000000000027,0.6852742563066343
0.11330000000000028,0.682988046771016
0.11340000000000028,0.6854165792050904
0.11350000000000028,0.6944125446968042
0.11360000000000028,0.6886818548499282
0.11370000000000029,0.6959032109813543
0.11380000000000028,0.6893031914085447
0.11390000000000028,0.6825846731212402
0.11400000000000028,0.6875505381234266
0.11410000000000028,0.67800716662748
0.11420000000000029,0.6847128374238073
0.11430000000000028,0.6898170776640283
0.11440000000000028,0.6942852226586316
0.11450000000000028,0.6842933011521533
0.11460000000000028,0.6831152281171655
0.11470000000000029,0.6906719336899357
0.11480000000000029,0.6684941017789076
0.11490000000000028,0.6903149316608262
0.11500000000000028,0.696414192414515
0.11510000000000029,0.6876376820254395
0.11520000000000029,0.6796154776435184
0.11530000000000029,0.68906179031423
0.11540000000000028,0.693072682687326
0.11550000000000028,0.6827734679184486
0.11560000000000029,0.6886007339293515
0.11570000000000029,0.6853944059489869
0.11580000000000029,0.6802787724282882
0.11590000000000028,0.6694919060275676
0.11600000000000028,0.6788673481098823
0.11610000000000029,0.6707470109554063
0.11620000000000029,0.669784595380073
0.11630000000000029,0.7002741433883651
0.11640000000000028,0.6719812344983574
0.11650000000000028,0.6595670848392122
0.11660000000000029,0.6694076832936574
0.11670000000000029,0.6833336239901018
0.11680000000000029,0.6752306132204451
0.1169000000000003,0.6751321977059765
0.11700000000000028,0.6673075138374531
0.11710000000000029,0.6684482869807513
0.11720000000000029,0.6664365068178524
0.11730000000000029,0.6724881749037671
0.1174000000000003,0.6651279410749232
0.11750000000000028,0.6635173995306002
0.11760000000000029,0.6721205569757366
0.11770000000000029,0.6660034293768629
0.1178000000000003,0.6720798499276929
0.1179000000000003,0.6592227072541297
0.1180000000000003,0.6459677852392497
0.11810000000000029,0.6473755967104229
0.11820000000000029,0.6575466918246582
0.1183000000000003,0.6499114468637026
0.1184000000000003,0.655399382181237
0.1185000000000003,0.6425652618814737
0.11860000000000029,0.6484200840604182
0.11870000000000029,0.6510808094132148
0.1188000000000003,0.6522551216447166
0.1189000000000003,0.6390718750428215
0.1190000000000003,0.6543767071457601
0.11910000000000029,0.6420510382384178
0.11920000000000029,0.6350653721967756
0.1193000000000003,0.6283979241189671
0.1194000000000003,0.6348785624159625
0.1195000000000003,0.6134020827848804
0.11960000000000029,0.630027764235974
0.11970000000000029,0.6322786689614489
0.1198000000000003,0.6285301821717882
0.1199000000000003,0.6425324358149793
0.1200000000000003,0.6317862497145929
0.1201000000000003,0.6334951882930707
0.12020000000000029,0.6296485290358812
0.1203000000000003,0.6180002089495663
0.1204000000000003,0.6176890708330816
0.1205000000000003,0.6088911538209649
0.1206000000000003,0.6113994719003129
0.1207000000000003,0.6182862071616597
0.1208000000000003,0.6114256576998025
0.1209000000000003,0.6170814263856049
0.1210000000000003,0.6076151458536126
0.1211000000000003,0.613242370210728
0.12120000000000031,0.6024461470538378
0.1213000000000003,0.617993298677946
0.1214000000000003,0.6060298112700311
0.1215000000000003,0.6163242415139543
0.1216000000000003,0.6082634037115686
0.12170000000000031,0.5888552159879649
0.1218000000000003,0.6111535991710361
0.1219000000000003,0.6134468292780842
0.1220000000000003,0.6007378397183889
0.1221000000000003,0.6071944294485808
0.12220000000000031,0.6053252425377685
0.1223000000000003,0.6005069860404562
0.1224000000000003,0.6114850166984945
0.1225000000000003,0.6117822752651583
0.1226000000000003,0.6121988778684173
0.12270000000000031,0.6123986402822195
0.1228000000000003,0.6008799868366369
0.1229000000000003,0.6058205219377937
0.1230000000000003,0.5949938956252547
0.1231000000000003,0.6011185173152617
0.12320000000000031,0.6127775577781608
0.12330000000000031,0.6074354210473866
0.1234000000000003,0.6011705858646851
0.1235000000000003,0.6100151496372169
0.1236000000000003,0.6124862352924232
0.12370000000000031,0.6086862242785741
0.12380000000000031,0.6134048575080498
0.1239000000000003,0.614543492393776
0.1240000000000003,0.5917562133448703
0.12410000000000031,0.6188288704769134
0.12420000000000031,0.6090662207580533
0.12430000000000031,0.5919647986786856
0.12440000000000032,0.61161237117601
0.1245000000000003,0.6136867357952875
0.12460000000000031,0.6169588997321083
0.12470000000000031,0.6239630888139354
0.12480000000000031,0.6193294865554518
0.12490000000000032,0.6089857292252783
0.1250000000000003,0.6257354822515653
0.12510000000000032,0.6054842195118739
0.1252000000000003,0.6137672135339913
0.1253000000000003,0.6074830965291191
0.12540000000000032,0.6053076130592381
0.1255000000000003,0.6153149941475451
0.12560000000000032,0.6013145596991165
0.1257000000000003,0.6186397386154365
0.1258000000000003,0.6236704806853968
0.12590000000000032,0.6213816823573446
0.1260000000000003,0.6120242466003684
0.12610000000000032,0.6205333872180006
0.1262000000000003,0.629838201204588
0.1263000000000003,0.610397809326492
0.12640000000000032,0.6154161446991557
0.12650000000000033,0.6265964355288386
0.12660000000000032,0.611105321003839
0.1267000000000003,0.612403203838363
0.1268000000000003,0.6127435564896462
0.12690000000000032,0.6140576559149462
0.12700000000000033,0.6032323287600653
0.12710000000000032,0.6076192858045114
0.1272000000000003,0.6086524432350243
0.1273000000000003,0.6144429113826837
0.12740000000000032,0.6136681867996436
0.12750000000000034,0.6156437866627656
0.12760000000000032,0.6125039084940269
0.1277000000000003,0.6043463150485712
0.1278000000000003,0.6056320066771287
0.12790000000000032,0.6087773309286009
0.12800000000000034,0.605018871030423
0.12810000000000032,0.6063939094704478
0.1282000000000003,0.612367897661757
0.1283000000000003,0.6031896376972765
0.12840000000000032,0.6075569571941122
0.12850000000000034,0.6199830487376837
0.12860000000000033,0.6065616692032707
0.12870000000000031,0.6042968651076368
0.1288000000000003,0.6070740755030708
0.12890000000000032,0.6008182867232985
0.12900000000000034,0.6004604939643537
0.12910000000000033,0.6012406009423044
0.12920000000000031,0.611172561235431
0.1293000000000003,0.5946540816743076
0.12940000000000032,0.5891611575211125
0.12950000000000034,0.6182044820177708
0.12960000000000033,0.6015945603024031
0.12970000000000032,0.5951217743031836
0.1298000000000003,0.5922910310277306
0.12990000000000032,0.6017384259677188
